score,qualification_score,title,company,workplace,posted,url
32,0.5,Client Delivery Specialist,PrincePerelson and Associates,hybrid,"6 hours ago
Within the past 24 hours",https://www.linkedin.com/jobs/view/4372193955/
28,0.5,Receptionist / HR Administrative Coordinator,Nelson Labs,onsite,"1 hour ago
Within the past 24 hours",https://www.linkedin.com/jobs/view/4364192884/
24,0.5,Warehouse Associate,"KBS - Kellermeyer Bergensons Services, LLC",onsite,"5 hours ago
Within the past 24 hours",https://www.linkedin.com/jobs/view/4371719118/
21,0.5,Shipping & Receiving Specialist,Priority Dispatch Corporation,onsite,"8 hours ago
Within the past 24 hours",https://www.linkedin.com/jobs/view/4371592122/
20,0.6,DevOps Engineer/ Production Support Analyst,mthree,onsite,"9 hours ago
Within the past 24 hours",https://www.linkedin.com/jobs/view/4358008255/
19,0.6,Lab Analyst II (Day Shift),Nelson Labs,onsite,"10 hours ago
Within the past 24 hours",https://www.linkedin.com/jobs/view/4372145934/
17,0.5,Tissue Donation Coordinator,DonorConnect,onsite,"12 hours ago
Within the past 24 hours",https://www.linkedin.com/jobs/view/4372142011/
15,0.5,Project Manager,Epic,onsite,1 day ago,https://www.linkedin.com/jobs/view/3864454208/
13,0.5,"Coordinator, Information Technology",Nightingale Education Group,,"9 hours ago
Within the past 24 hours",https://www.linkedin.com/jobs/view/4372173174/
13,0.5,Marketing Coordinator,"MTI, Inc.",onsite,"16 hours ago
Within the past 24 hours",https://www.linkedin.com/jobs/view/4371301889/
12,0.5,Debug Technician D Shift,Flex,onsite,"1 hour ago
Within the past 24 hours",https://www.linkedin.com/jobs/view/4363995856/
12,0.5,Facilities & Maintenance Coordinator,"Volunteers of America, Utah",onsite,"17 hours ago
Within the past 24 hours",https://www.linkedin.com/jobs/view/4371879486/
12,0.5,Family Services Specialist,United Green Mark,onsite,"17 hours ago
Within the past 24 hours",https://www.linkedin.com/jobs/view/4371869880/
11,0.5,Electrical Engineer,Jedson Engineering,onsite,"2 hours ago
Within the past 24 hours",https://www.linkedin.com/jobs/view/4363340104/
10,0.5,Human Resources Generalist,State of Utah,onsite,"3 hours ago
Within the past 24 hours",https://www.linkedin.com/jobs/view/4364182392/
10,0.5,Scheduling Support Specialist FT,Rela Language Professionals,,"12 hours ago
Within the past 24 hours",https://www.linkedin.com/jobs/view/4372141320/
10,0.5,Organ Referral Coordinator,DonorConnect,,"12 hours ago
Within the past 24 hours",https://www.linkedin.com/jobs/view/4372118979/
9,0.6,Project Coordinator,"ATI Restoration, LLC",onsite,,https://www.linkedin.com/jobs/view/4363400954/
9,0.5,Part - Time Security Officer (Taser),Tarian,onsite,"4 hours ago
Within the past 24 hours",https://www.linkedin.com/jobs/view/4372223324/
9,0.5,Accounting Associate,Lensa,onsite,,https://www.linkedin.com/jobs/view/4372201411/
7,0.5,Machinist,SINTX (NASDAQ: SINT),onsite,"6 hours ago
Within the past 24 hours",https://www.linkedin.com/jobs/view/4372212363/
7,0.5,Lab Maintenance Technician I,Lensa,onsite,"6 hours ago
Within the past 24 hours",https://www.linkedin.com/jobs/view/4372191770/
7,0.5,Soccer Coach (Private) in Salt Lake City | TeachMe.To,TeachMe.To,onsite,"6 hours ago
Within the past 24 hours",https://www.linkedin.com/jobs/view/4371597793/
6,0.526,Engagement Manager,Home Improvement Research Institute (HIRI),onsite,"7 hours ago
Within the past 24 hours",https://www.linkedin.com/jobs/view/4371597183/
6,0.5,Spiral Production Worker,Greif,onsite,"7 hours ago
Within the past 24 hours",https://www.linkedin.com/jobs/view/4364410700/
5,0.5,Linehaul Driver,CrossCountry Freight Solutions,onsite,"8 hours ago
Within the past 24 hours",https://www.linkedin.com/jobs/view/4371587073/
4,0.5,Car Detailer,Budget Rent A Car of Utah,onsite,"9 hours ago
Within the past 24 hours",https://www.linkedin.com/jobs/view/4364190890/
4,0.5,Blue Stakes Locator,State of Utah,onsite,"9 hours ago
Within the past 24 hours",https://www.linkedin.com/jobs/view/4371153736/
3,0.5,Warehouse Worker,Clopay Corporation,onsite,"10 hours ago
Within the past 24 hours",https://www.linkedin.com/jobs/view/4372162470/
3,0.5,Study Director - Sterilization,Nelson Labs,onsite,"10 hours ago
Within the past 24 hours",https://www.linkedin.com/jobs/view/4372157547/
2,0.5,New Home Advisor,Tri Pointe Homes,,"4 hours ago
Within the past 24 hours",https://www.linkedin.com/jobs/view/4353551225/
2,0.5,Local Class A Driver-Class B Driver,ProDrivers,onsite,"11 hours ago
Within the past 24 hours",https://www.linkedin.com/jobs/view/4372162192/
1,0.5,Multi-Site Leasing Agent,Nxt Property Management,onsite,"12 hours ago
Within the past 24 hours",https://www.linkedin.com/jobs/view/4372123727/
1,0.5,Receiver,Charcuterie Artisans,onsite,"12 hours ago
Within the past 24 hours",https://www.linkedin.com/jobs/view/4372118947/
1,0.5,Assistant Teacher,Utah Community Action,onsite,"12 hours ago
Within the past 24 hours",https://www.linkedin.com/jobs/view/4372126606/
1,0.5,Maintenance Technician,Nxt Property Management,onsite,"12 hours ago
Within the past 24 hours",https://www.linkedin.com/jobs/view/4372131613/
1,0.5,Substance Use Counselor,Comprehensive Treatment Centers,onsite,"12 hours ago
Within the past 24 hours",https://www.linkedin.com/jobs/view/4371539858/
1,0.5,Afternoon Babysitter for 11-Year-Old,Wyndy,onsite,"12 hours ago
Within the past 24 hours",https://www.linkedin.com/jobs/view/4371552340/
-1,0.5,Category Management Assistant,Associated Food Stores,onsite,"14 hours ago
Within the past 24 hours",https://www.linkedin.com/jobs/view/4371530566/
-1,0.5,Evidence/Crime Scene Technician,City of South Salt Lake,onsite,"14 hours ago
Within the past 24 hours",https://www.linkedin.com/jobs/view/4371544402/
-1,0.5,CDL A Driver,CrossCountry Freight Solutions,onsite,"14 hours ago
Within the past 24 hours",https://www.linkedin.com/jobs/view/4371535424/
-1,0.5,Electrical Engineering Technician,Doppelmayr USA,onsite,"14 hours ago
Within the past 24 hours",https://www.linkedin.com/jobs/view/4371530431/
-1,0.5,Construction Yard Laborer,Doppelmayr USA,onsite,"14 hours ago
Within the past 24 hours",https://www.linkedin.com/jobs/view/4371550166/
-1,0.5,Team Member,Einstein Bros Bagels,onsite,1 day ago,https://www.linkedin.com/jobs/view/4371809811/
-1,0.5,Partner Manager,PDQ,onsite,1 day ago,https://www.linkedin.com/jobs/view/4371820138/
-2,0.5,Machine Operator,Boart Longyear,onsite,"15 hours ago
Within the past 24 hours",https://www.linkedin.com/jobs/view/4336823788/
-4,0.5,Field Engineer,Okland Construction,,"10 hours ago
Within the past 24 hours",https://www.linkedin.com/jobs/view/4363905991/
-4,0.5,Team Leader,DHL Supply Chain,,"10 hours ago
Within the past 24 hours",https://www.linkedin.com/jobs/view/4371375416/
-5,0.5,Engineering Technician B,Jobs via Dice,onsite,"18 hours ago
Within the past 24 hours",https://www.linkedin.com/jobs/view/4371508228/
-5,0.5,IT Service Technician,GovCIO,onsite,"18 hours ago
Within the past 24 hours",https://www.linkedin.com/jobs/view/4354242596/
-7,0.5,Barista | Full Time,Hyatt Regency,onsite,,https://www.linkedin.com/jobs/view/4365426230/
-7,0.5,Quality Auditor B Shift,Flex,onsite,,https://www.linkedin.com/jobs/view/4363947191/
-7,0.5,Spiral Production Worker,Greif,onsite,,https://www.linkedin.com/jobs/view/4363239009/
-7,0.5,Payroll Manager,Lensa,onsite,,https://www.linkedin.com/jobs/view/4372194806/
-7,0.5,Locksmith,Action Locksmith,onsite,,https://www.linkedin.com/jobs/view/4371534523/
-7,0.5,Recovery Assistant - Grave Shift,"Volunteers of America, Utah",onsite,,https://www.linkedin.com/jobs/view/4371881313/
-8,0.5,Cook,Panda Restaurant Group,,"14 hours ago
Within the past 24 hours",https://www.linkedin.com/jobs/view/4319244440/
-10,0.5,Retail Sales Associate,Saatva,onsite,"9 hours ago
Within the past 24 hours",https://www.linkedin.com/jobs/view/4372174014/
-11,0.5,Business Development Representative,Retool,hybrid,"3 hours ago
Within the past 24 hours",https://www.linkedin.com/jobs/view/4363946865/
-20,0.5,Business Development Specialist,REZ Management,,"12 hours ago
Within the past 24 hours",https://www.linkedin.com/jobs/view/4372127604/
